<?xml version="1.0" encoding="UTF-8"?>
<rss version="2.0" xmlns:ror="http://rorweb.com/0.1/" >
<channel>
  <title>ROR Sitemap for https://thisweekend.netlify.app/</title>
  <link>https://thisweekend.netlify.app/</link>

<item>
     <link>https://thisweekend.netlify.app/</link>
     <title>ThisWeekend – Find Events Happening Near You</title>
     <description>ThisWeekend – your local events hub for music, markets, nightlife and community gatherings happening this weekend.</description>
     <ror:updatePeriod></ror:updatePeriod>
     <ror:sortOrder>0</ror:sortOrder>
     <ror:resourceOf>sitemap</ror:resourceOf>
</item>
<item>
     <link>https://thisweekend.netlify.app/about</link>
     <title>About Us - ThisWeekend</title>
     <description>ThisWeekend – your local events hub for music, markets, nightlife and community gatherings happening this weekend.</description>
     <ror:updatePeriod></ror:updatePeriod>
     <ror:sortOrder>1</ror:sortOrder>
     <ror:resourceOf>sitemap</ror:resourceOf>
</item>
<item>
     <link>https://thisweekend.netlify.app/events</link>
     <title>ThisWeekend - Events</title>
     <description>ThisWeekend – your local events hub for music, markets, nightlife and community gatherings happening this weekend.</description>
     <ror:updatePeriod></ror:updatePeriod>
     <ror:sortOrder>1</ror:sortOrder>
     <ror:resourceOf>sitemap</ror:resourceOf>
</item>
<item>
     <link>https://thisweekend.netlify.app/submit-event</link>
     <title>Submit Event - ThisWeekend</title>
     <description>ThisWeekend – your local events hub for music, markets, nightlife and community gatherings happening this weekend.</description>
     <ror:updatePeriod></ror:updatePeriod>
     <ror:sortOrder>1</ror:sortOrder>
     <ror:resourceOf>sitemap</ror:resourceOf>
</item>
<item>
     <link>https://thisweekend.netlify.app/contact</link>
     <title>Contact Us - ThisWeekend</title>
     <description>ThisWeekend – your local events hub for music, markets, nightlife and community gatherings happening this weekend.</description>
     <ror:updatePeriod></ror:updatePeriod>
     <ror:sortOrder>1</ror:sortOrder>
     <ror:resourceOf>sitemap</ror:resourceOf>
</item>
</channel>
</rss>
  